<?xml version="1.0" encoding="UTF-8"?>
<addon id="plugin.audio.jazzfm" version="0.1.0" name="Jazz FM" provider-name="t0mm0">
    <requires>
        <import addon="xbmc.python" version="1.0"/>
        <import addon="script.module.beautifulsoup"/>
    </requires>
    <extension point="xbmc.python.pluginsource" library="default.py">
        <provides>audio</provides>
    </extension>
    <extension point="xbmc.addon.metadata">
        <summary>Listen to live stream and recoded shows from Jazz FM.</summary>
        <description>Check out http://jazzfm.com</description>
        <platform>all</platform>
    </extension>
</addon>

