<?xml version="1.0" encoding="UTF-8"?>
<addon id="plugin.video.muzu.tv" version="0.1.2" name="muzu.tv" provider-name="t0mm0">
    <requires>
        <import addon="xbmc.python" version="1.0"/>
    </requires>
    <extension point="xbmc.python.pluginsource" library="default.py">
        <provides>video</provides>
    </extension>
    <extension point="xbmc.addon.metadata">
        <summary>Plays music videos from ustvnow.com</summary>
        <description>Choose from a huge selection of music videos available at muzu.tv</description>
        <platform>all</platform>
    </extension>
</addon>

