<?xml version="1.0" encoding="UTF-8"?>
<addon id="plugin.video.freedocast" version="0.1.0" name="freedocast" provider-name="t0mm0">
    <requires>
        <import addon="xbmc.python" version="1.0"/>
    </requires>
    <extension point="xbmc.python.pluginsource" library="default.py">
        <provides>video</provides>
    </extension>
    <extension point="xbmc.addon.metadata">
        <summary>Plays live streams from freedocast.com</summary>
        <description>Live streaming from freedocast.com</description>
        <platform>all</platform>
    </extension>
</addon>

